alternative,2.tone,777
alternative,acappella,1081
alternative,a.cappella,294
alternative,accoustic,1121
alternative,acidfolk,1183
alternative,acid.folk,763
alternative,acoustic,112
alternative,acoustic.mayhem,1512
alternative,acoustic.rock,993
alternative,acustic,1144
alternative,adult.alternative,674
alternative,adult.alternative.pop,1473
alternative,adult.alternative.rock,1472
alternative,alive.records,1452
alternative,alternativa,1155
alternative,alternative,22
alternative,alternative.club,1216
alternative,alternative.country,174
alternative,alternative.dance,663
alternative,alternative.folk,670
alternative,alternative.pop,1125
alternative,alternative.punk,879
alternative,ambient.pop,160
alternative,american.primitive,1176
alternative,anarchopunk,984
alternative,anarcho.punk,731
alternative,antifolk,919
alternative,anti.folk,345
alternative,arizona,1009
alternative,artpop,1016
alternative,art.pop,318
alternative,art.punk,379
alternative,auth,734
alternative,balkan.folk,472
alternative,ballad,329
alternative,banjo,400
alternative,baroque.pop,339
alternative,basque,1299
alternative,beach,787
alternative,beach.pop,423
alternative,bedroom.pop,317
alternative,billy.childish,1357
alternative,bluegrass,172
alternative,blues.folk,1358
alternative,breezerock,1119
alternative,breton,1567
alternative,british.folk.rock,1564
alternative,britpop,134
alternative,c86,352
alternative,cabaret,660
alternative,cabaret.punk,1462
alternative,captured.tracks,668
alternative,celtic,380
alternative,celtic.punk,846
alternative,chamber.folk,103
alternative,chamber.pop,303
alternative,chanson,651
alternative,child,1154
alternative,children,1054
alternative,chillwave,185
alternative,cloggaze,355
alternative,coldwave,197
alternative,cold.wave,776
alternative,college.rock,648
alternative,contemporary.folk,1133
alternative,contemporary.hawaiian,1492
alternative,cover,767
alternative,covers,258
alternative,cowpunk,1013
alternative,cow.punk,831
alternative,crack.rock.steady,1152
alternative,dancepunk,1194
alternative,dance.punk,357
alternative,dance.rock,1095
alternative,dark.pop,1557
alternative,darkwave,141
alternative,dc,316
alternative,deathrock,751
alternative,decaydance,1538
alternative,demon.records,1454
alternative,diy,1057
alternative,do.it.yourself,254
alternative,dreampop,937
alternative,dream.pop,93
alternative,dream.punk,1544
alternative,easycore,1535
alternative,eleki,1397
alternative,emo,159
alternative,emocore,300
alternative,emotive.hardcore,1433
alternative,english.folk,1182
alternative,ethereal,443
alternative,experimental.folk,1456
alternative,falsetto,645
alternative,female,863
alternative,femalevocal,1375
alternative,femalevocals,1139
alternative,folk,54
alternative,folkestra,1318
alternative,folk.indie,1039
alternative,folk.opera,753
alternative,folkpop,1327
alternative,folk.pop,422
alternative,folkpunk,1147
alternative,folk.punk,358
alternative,folk.rap,669
alternative,folkrock,945
alternative,folk.rock,154
alternative,freakfolk,1160
alternative,freak.folk,420
alternative,frenchkiss.records,1317
alternative,french.pop,815
alternative,french.variety,1477
alternative,future.islands,1522
alternative,futurepop,259
alternative,fuzz.pop,1328
alternative,garage,220
alternative,garage.pop,652
alternative,garage.punk,531
alternative,garage.rock,4
alternative,geek.rock,1350
alternative,go.discs,1463
alternative,gothic,371
alternative,gothic.country,1189
alternative,gothic.rock,373
alternative,gothrock,1064
alternative,gypsy.punk,412
alternative,halloween,283
alternative,hardly.art,1550
alternative,hasidic,1469
alternative,hitchhike.records,1493
alternative,horror.punk,1172
alternative,icelandic.lyrics,468
alternative,illinois,523
alternative,indie,25
alternative,indie.electro,1345
alternative,indie.electronic,332
alternative,indie.folk,101
alternative,indiepop,924
alternative,indie.pop,105
alternative,indierock,1201
alternative,indie.rock,66
alternative,indy,925
alternative,instrument,1264
alternative,instrumental,33
alternative,instrumentals,967
alternative,janglepop,1029
alternative,jangle.pop,488
alternative,jpop,227
alternative,kids,1053
alternative,kpop,327
alternative,left.coast,1218
alternative,live.series,1306
alternative,lofi,1019
alternative,luke.temple,1355
alternative,luxury,1339
alternative,mclusky,1392
alternative,medieval.folk,1465
alternative,melancholic,938
alternative,melancholy,840
alternative,melodic.hardcore.punk,378
alternative,melodic.punk,809
alternative,mercury.music.prize,934
alternative,michigan,1033
alternative,minnesota,473
alternative,mod.revival,1330
alternative,montreal,293
alternative,mope.rock,1474
alternative,neo.psychedelia,287
alternative,newfoundland,1370
alternative,newgrass,659
alternative,newmonsoon,1307
alternative,new.romantic,535
alternative,newwave,1161
alternative,new.wave,30
alternative,new.weird.america,421
alternative,nightliner,1364
alternative,noisepop,1032
alternative,noise.pop,219
alternative,noise.punk,756
alternative,noise.rock,218
alternative,nz,1062
alternative,ohio,854
alternative,oldtime,1316
alternative,old.time,843
alternative,orchestral.pop,430
alternative,outsider,501
alternative,pdx,229
alternative,pennsylvania,889
alternative,pinoy,1543
alternative,pirates,725
alternative,political,216
alternative,poppunk,1393
alternative,pop.punkrock,1242
alternative,post.gospel,1444
alternative,postpunk,1038
alternative,post.punk,36
alternative,post.punk.revival,471
alternative,postpunk.revival,1298
alternative,powerpop,910
alternative,power.pop,168
alternative,power.punk,1453
alternative,progressive.folk,891
alternative,pronk,1067
alternative,psychadelic.rock,1245
alternative,psychedelic.folk,308
alternative,psychedelic.pop,456
alternative,psychobilly,792
alternative,psych.pop,289
alternative,punk,29
alternative,punk.cabaret,1104
alternative,punk.cover,802
alternative,punk.covers,1268
alternative,punk.funk,1322
alternative,punkrock,987
alternative,redscare,1378
alternative,red.scare,1546
alternative,reggae,63
alternative,reggae.rock,1151
alternative,reggea,1169
alternative,riot.grrrl,255
alternative,rocksteady,671
alternative,roots,263
alternative,roots.reggae,262
alternative,rough.trade.records,1018
alternative,saintjohn,1576
alternative,scandinavia,618
alternative,scotland,152
alternative,see.thru.broadcasting,1294
alternative,self.released,520
alternative,shibuya.kei,1113
alternative,shoegaze,136
alternative,shoegazer,923
alternative,shoegazing,982
alternative,singersongwriter,1052
alternative,singer.songwriter,104
alternative,ska,62
alternative,skacore,720
alternative,ska.jazz,1536
alternative,skapunk,917
alternative,ska.punk,610
alternative,skatepunk,964
alternative,skate.punk,457
alternative,slowcore,842
alternative,songwriter,673
alternative,space.pop,1521
alternative,stonergaze,1528
alternative,surf.pop,576
alternative,surf.rock,362
alternative,synthpop,905
alternative,synth.pop,38
alternative,synthpunk,935
alternative,synth.punk,735
alternative,synthrock,1368
alternative,synth.rock,816
alternative,teamlove,1545
alternative,team.love,614
alternative,tribute,361
alternative,twee,285
alternative,twee.pop,633
alternative,ukulele,666
alternative,vermont,1510
alternative,washington.dc,675
alternative,wham.city,433
alternative,wrock,1312
electronic,2step,599
electronic,2.step,206
electronic,2.step.garage,389
electronic,4x4,1096
electronic,8bit,989
electronic,8.bit,604
electronic,absurdist,1297
electronic,acid,61
electronic,acid.house,406
electronic,acid.jazz,374
electronic,acid.techno,381
electronic,ad.noiseam,1059
electronic,alternative.rnb,1388
electronic,ambient,11
electronic,ambient.dub,290
electronic,ambient.techno,323
electronic,analog,839
electronic,analogue,990
electronic,artsong,1272
electronic,atmospheric,269
electronic,aural.sects,1471
electronic,autonomic,499
electronic,balearic,395
electronic,baltimore.club,912
electronic,bassline,921
electronic,bears,1283
electronic,beat.music,1132
electronic,beats,94
electronic,beatservice,880
electronic,bedroom.funk,1400
electronic,berlin.school,325
electronic,bigbeat,1084
electronic,big.beat,15
electronic,bitpop,1353
electronic,bit.pop,1585
electronic,bluetech,1515
electronic,braindance,837
electronic,brainwave,1451
electronic,breakbeat,23
electronic,breakbeat.hardcore,1061
electronic,breakbeat.rock,1429
electronic,breakcore,306
electronic,breaks,13
electronic,bristol.sound,806
electronic,broken.beat,445
electronic,broken.beats,1034
electronic,bubblegum.bass,1173
electronic,chicago.house,603
electronic,chill,375
electronic,chillcode,1581
electronic,chill.gaze,1369
electronic,chillout,214
electronic,chillstep,506
electronic,chilout,992
electronic,chip.hop,1225
electronic,chiptune,436
electronic,chiptunes,1308
electronic,club,458
electronic,clubhouse,1070
electronic,club.house,811
electronic,cold.meat.industry,1325
electronic,complextro,534
electronic,cosmic,396
electronic,crunk,596
electronic,cybergrind,841
electronic,cyberpunk,183
electronic,cyber.punk,1401
electronic,damned,1270
electronic,dance,26
electronic,dancehall,175
electronic,dancepop,1141
electronic,dance.pop,110
electronic,dancey,1217
electronic,dark,480
electronic,dark.electro,1041
electronic,dark.garage,392
electronic,dark.progressive,1551
electronic,darkpsy,1108
electronic,dark.psytrance,732
electronic,darkstep,607
electronic,deep,529
electronic,deephouse,1060
electronic,deep.house,261
electronic,detroit.house,876
electronic,detroit.techno,467
electronic,digital.hardcore,1002
electronic,digital.pop,1511
electronic,dim.mak,1394
electronic,disco.house,439
electronic,dnb,916
electronic,dnb.club.feature,528
electronic,dowmtempo,1213
electronic,downbeat,932
electronic,downtemp,1055
electronic,downtempo,91
electronic,drag,225
electronic,dream,179
electronic,dream.music,182
electronic,dreamwave,965
electronic,dream.wave,202
electronic,dreamy,1340
electronic,drill.and.bass,746
electronic,drumandbass,1088
electronic,drum.and.bass,19
electronic,drumstep,598
electronic,dub,64
electronic,dubstep,14
electronic,dubtechno,1077
electronic,dub.techno,321
electronic,ebm,37
electronic,echocord,1548
electronic,edm,39
electronic,ektoplazm,1150
electronic,elctronic,979
electronic,electonic,1142
electronic,electornic,1344
electronic,electroclash,500
electronic,electro.crunk,1575
electronic,electro.disco,404
electronic,electrofolk,1282
electronic,electrohouse,933
electronic,electro.house,17
electronic,electro.industrial,209
electronic,electronic,16
electronic,electronica,24
electronic,electronic.pop,1227
electronic,electronic.punk,664
electronic,electronic.rock,1098
electronic,electropop,913
electronic,electro.pop,111
electronic,electropunk,1092
electronic,electro.punk,1011
electronic,electrorock,1491
electronic,electro.rock,914
electronic,electro.soul,43
electronic,electro.swing,415
electronic,electrosynth,1526
electronic,eletronic,1220
electronic,environ,1418
electronic,ethno.techno,1419
electronic,eurodance,634
electronic,euro.house,27
electronic,europop,307
electronic,experimental.ambient,1466
electronic,fables,1278
electronic,fast.fusion,637
electronic,fidget,729
electronic,fidget.house,902
electronic,filtereddisco,1214
electronic,folktronica,851
electronic,footwork,525
electronic,forest.psytrance,1450
electronic,forza.horizon.2,1198
electronic,freestyle,682
electronic,french.electro,783
electronic,french.house,897
electronic,french.touch,533
electronic,funky,446
electronic,funky.house,857
electronic,future,184
electronic,future.bass,883
electronic,future.beats,186
electronic,future.funk,440
electronic,future.garage,207
electronic,future.jazz,44
electronic,fwd,1478
electronic,gabba,1432
electronic,gabber,530
electronic,garage.house,643
electronic,genetic,1276
electronic,ghetto,1003
electronic,ghettohouse,1158
electronic,ghetto.house,1086
electronic,ghettotech,980
electronic,glitch,49
electronic,glitchhop,1021
electronic,glitch.hop,41
electronic,glitch.pop,939
electronic,glofi,1007
electronic,glo.fi,241
electronic,goatrance,1044
electronic,goa.trance,266
electronic,grime,208
electronic,guitar.ambient,1475
electronic,gypsyhop,813
electronic,halfstep,1099
electronic,half.step,1199
electronic,hardcore.dance,18
electronic,harddance,1303
electronic,hardstyle,388
electronic,hard.trance,310
electronic,hauntology,944
electronic,hip.house,805
electronic,home.listening,745
electronic,homosexuality,1281
electronic,house,20
electronic,hunter,1289
electronic,hymen.records,1123
electronic,hyperdub,885
electronic,hypnagogic.pop,442
electronic,ice,1277
electronic,idm,60
electronic,illbient,929
electronic,inde.dance,1285
electronic,indie.dance,364
electronic,industrial.hardcore,1498
electronic,innocence,1275
electronic,instrumental.hip.hop,575
electronic,italo,232
electronic,italodisco,1561
electronic,italo.disco,235
electronic,jarring.effects,1349
electronic,jazzdance,1082
electronic,jazz.dance,661
electronic,jazzy,1211
electronic,jerseyclub,1243
electronic,juke,526
electronic,jungle,390
electronic,kuduro,1145
electronic,kwaito,1069
electronic,laptop.folk,926
electronic,leftfield,240
electronic,leftfield.house,827
electronic,lgbt,1207
electronic,liquid,858
electronic,liquid.funk,155
electronic,london.cast,1391
electronic,lounge,192
electronic,mano,1290
electronic,mashups,1224
electronic,meditation,998
electronic,melodic.trance,724
electronic,meme,961
electronic,merck,1109
electronic,miasmah,1360
electronic,microfunk,267
electronic,microhouse,348
electronic,midget,1500
electronic,midtempo,48
electronic,minimal.electronic,295
electronic,minimalhouse,1425
electronic,minimal.house,1424
electronic,minimalistic,1422
electronic,minimal.synth,540
electronic,minimal.techno,351
electronic,minimal.wave,539
electronic,modern.classic,1508
electronic,modern.classical,86
electronic,modern.love,1076
electronic,modular,1037
electronic,moody,1279
electronic,moog,956
electronic,moombahton,490
electronic,moteer,1406
electronic,nature,1000
electronic,neurofunk,606
electronic,neuro.hop,1382
electronic,newage,1004
electronic,new.age,215
electronic,new.classical,1426
electronic,newrave,1489
electronic,new.rave,650
electronic,new.retro.wave,201
electronic,nintendocore,744
electronic,noize,1352
electronic,nu80s,1588
electronic,nu.disco,200
electronic,nujazz,1028
electronic,nu.jazz,377
electronic,nu.soul,882
electronic,othermusic.featured,1420
electronic,outrun,601
electronic,picturesmusic,1320
electronic,plunderphonics,97
electronic,post.chillwave,1549
electronic,post.disco,853
electronic,postdubstep,1036
electronic,post.dubstep,376
electronic,post.industrial,170
electronic,potty.mouth.music,1556
electronic,progressive.breaks,963
electronic,progressive.electronic,1127
electronic,progressive.house,65
electronic,progressive.psytrance,1533
electronic,progressive.trance,260
electronic,prologue,1467
electronic,proto.techno,405
electronic,psyambient,1502
electronic,psybient,1006
electronic,psychedelic.ambient,1379
electronic,psychedelic.trance,466
electronic,psychill,613
electronic,psycore,1377
electronic,psydub,838
electronic,psytrance,264
electronic,ragga,391
electronic,rave,28
electronic,raw.house,1411
electronic,r.b,676
electronic,retro,672
electronic,retrowave,602
electronic,retro.wave,1455
electronic,rhythmic.noise,302
electronic,ritual.ambient,1518
electronic,sample,969
electronic,sampling,966
electronic,schole,1336
electronic,seapunk,927
electronic,sfx,1552
electronic,shangaan,1107
electronic,shangaan.electro,1106
electronic,sharpnelsound,1409
electronic,skweee,850
electronic,slow.fast,1503
electronic,somnia,1516
electronic,soulful.house,1128
electronic,soundscape,503
electronic,soundscapes,1020
electronic,space,789
electronic,spacedisco,1562
electronic,space.disco,347
electronic,street.bass,521
electronic,street.sounds,1234
electronic,synth,397
electronic,synths,1178
electronic,synthwave,199
electronic,synth.wave,1497
electronic,sythwave,1520
electronic,techhouse,1175
electronic,tech.house,245
electronic,techno,10
electronic,technopop,309
electronic,techstep,605
electronic,tennis,1286
electronic,textural,1293
electronic,third.viennese.singersongwriter,1271
electronic,trance,21
electronic,trancecore,836
electronic,trancefusion,1184
electronic,trance.fusion,1164
electronic,transport,1274
electronic,trap,83
electronic,tribal.ambient,1079
electronic,tribal.house,642
electronic,tribal.techno,1163
electronic,tropical,252
electronic,tropical.house,1202
electronic,true.electro,1233
electronic,uk.bass,600
electronic,uk.dub,1323
electronic,uk.funky,444
electronic,ukgarage,1427
electronic,uk.garage,205
electronic,uk.hip.hop,771
electronic,uk.house,911
electronic,uplifting,1001
electronic,uplifting.trance,311
electronic,vaporwave,181
electronic,videogame,1204
electronic,video.game,359
electronic,video.game.music,1404
electronic,vocal.house,922
electronic,vocal.trance,640
electronic,wild.beasts,1408
electronic,witchhouse,1040
electronic,witch.house,68
electronic,wonk,1193
electronic,wonky,99
electronic,youth,1273
electronic,zzk.records,1431
hip-hop,abstract.hip.hop,1017
hip-hop,acid.rap,1507
hip-hop,alternative.rap,684
hip-hop,aotearoa,1231
hip-hop,art.rap,785
hip-hop,backstreetboys,1258
hip-hop,bay.area,217
hip-hop,beatbox,665
hip-hop,boom.bap,678
hip-hop,bounce,903
hip-hop,chambermusik,1241
hip-hop,chopped.and.screwed,748
hip-hop,chopped.n.screwed,1238
hip-hop,cloud.rap,875
hip-hop,conscious.hip.hop,1137
hip-hop,descriptor,1135
hip-hop,detroid,1482
hip-hop,dirty.south,479
hip-hop,doomtree,784
hip-hop,eastcoast,1068
hip-hop,east.coast,759
hip-hop,experimental.hip.hop,962
hip-hop,fly.casual.records,1236
hip-hop,gangsta,478
hip-hop,gangsta.rap,96
hip-hop,garage.hop,873
hip-hop,g.funk,100
hip-hop,hardcore.hip.hop,1126
hip-hop,hiero,769
hip-hop,hiphip,948
hip-hop,hiphop,941
hip-hop,hip.hop,12
hip-hop,horrorcore,195
hip-hop,hyphy,820
hip-hop,jazz.hip.hop,723
hip-hop,jazz.rap,1136
hip-hop,jazzy.hiphop,1230
hip-hop,jet.life,1237
hip-hop,jets,1239
hip-hop,living.legends,774
hip-hop,marxist,1097
hip-hop,mashup,719
hip-hop,nerdcore,829
hip-hop,new.jack.swing,942
hip-hop,new.jersey,770
hip-hop,newyork,985
hip-hop,new.york,203
hip-hop,noise.hop,1324
hip-hop,north.carolina,475
hip-hop,pilot.talk.2,1240
hip-hop,quannum.projects,1539
hip-hop,raggae,1333
hip-hop,ragga.hip.hop,1558
hip-hop,rap,936
hip-hop,reggaeton,766
hip-hop,rhythm.and.blues,5
hip-hop,rnb,909
hip-hop,rock.classic.rock,1259
hip-hop,southern.hip.hop,865
hip-hop,southern.rap,595
hip-hop,strange.music,1479
hip-hop,tennesee,1266
hip-hop,texas,615
hip-hop,triphop,1056
hip-hop,trip.hop,137
hip-hop,turntablism,40
hip-hop,twin.cities,474
hip-hop,underground,313
hip-hop,uptown.soul,1376
hip-hop,urban,297
hip-hop,westcoast,940
hip-hop,west.coast,95
hip-hop,wondaland,511
hip-hop,zef,1153
loud rock,1stpressing,1568
loud rock,adipocere.records,1574
loud rock,alternatative,1291
loud rock,alternative.metal,275
loud rock,alternativerocj,1494
loud rock,alternative.rock,67
loud rock,altrock,1187
loud rock,ambient.black.metal,622
loud rock,ambient.metal,1589
loud rock,anarchist.black.metal,1476
loud rock,anatolian.rock,1384
loud rock,aor,177
loud rock,arena.rock,952
loud rock,atmospheric.black.metal,271
loud rock,atmospheric.rock,1495
loud rock,atmospheric.sludge,1185
loud rock,avantgarde.black.metal,1439
loud rock,avant.garde.metal,619
loud rock,avantgarde.metal,988
loud rock,beachy,1284
loud rock,beatdown.hardcore,1387
loud rock,blackgaze,274
loud rock,black.metal,163
loud rock,black.twilight.circle,1365
loud rock,blue.oyster.cult,1265
loud rock,bluesrock,1078
loud rock,blues.rock,135
loud rock,british.invasion,8
loud rock,broadway,655
loud rock,brutal.death.metal,624
loud rock,canterbury.scene,778
loud rock,cascadian.black.metal,625
loud rock,ccm,1171
loud rock,cello.metal,1347
loud rock,chamber.rock,524
loud rock,chaotic.hardcore,492
loud rock,christian,242
loud rock,christian.metal,1302
loud rock,christian.rock,807
loud rock,christian.worship,1519
loud rock,classical.rock,1260
loud rock,classicrock,1180
loud rock,classic.rock,9
loud rock,comedy,449
loud rock,concept,727
loud rock,contemporary.christian,1149
loud rock,country.rock,176
loud rock,crossover.thrash,315
loud rock,crowdfunded,1436
loud rock,crust,542
loud rock,crustpunk,1111
loud rock,crust.punk,1026
loud rock,dark.hardcore,1459
loud rock,dark.metal,581
loud rock,d.beat,1102
loud rock,deathcore,493
loud rock,deathgrind,951
loud rock,death.grind,801
loud rock,death.metal,72
loud rock,depressive.black.metal,629
loud rock,depressive.rock,1537
loud rock,desert.rock,487
loud rock,detroit.rock,1547
loud rock,djent,368
loud rock,doom,138
loud rock,doom.death,1335
loud rock,doom.metal,74
loud rock,doom.rock,1423
loud rock,dvd.audio,1449
loud rock,eclectic.prog,1559
loud rock,eighties,947
loud rock,emo.violence,1309
loud rock,england,366
loud rock,epic,907
loud rock,epic.metal,541
loud rock,ethno.fusion,1412
loud rock,extreme.metal,628
loud rock,female.fronted.metal,279
loud rock,folk.black.metal,1579
loud rock,folk.metal,450
loud rock,foo.fighters,1188
loud rock,funeral.doom,986
loud rock,funeral.doom.metal,1326
loud rock,funk.metal,461
loud rock,funkrock,960
loud rock,funk.rock,402
loud rock,glam,532
loud rock,glam.funk,1292
loud rock,glam.metal,536
loud rock,glam.rock,165
loud rock,godbluff,330
loud rock,gore,1560
loud rock,goth,477
loud rock,gothenburg,150
loud rock,gothic.metal,372
loud rock,grind,224
loud rock,grindcore,78
loud rock,groove.metal,427
loud rock,grunge,166
loud rock,hair.metal,462
loud rock,hard,1091
loud rock,hardcore,383
loud rock,hardcore.punk,57
loud rock,hardrock,1112
loud rock,hard.rock,147
loud rock,heavy,538
loud rock,heavymetal,1157
loud rock,heavy.metal,71
loud rock,heavy.psych,485
loud rock,hebrew,772
loud rock,holy.records,1438
loud rock,inde,1063
loud rock,indie.recordings,1354
loud rock,industrial.metal,162
loud rock,industrial.rock,171
loud rock,jam,639
loud rock,jamband,958
loud rock,jam.band,331
loud rock,jambands,959
loud rock,jrock,228
loud rock,kaizer.rock,1460
loud rock,latin.rock,826
loud rock,mall.emo,931
loud rock,masterphile,1541
loud rock,mathcore,491
loud rock,math.metal,369
loud rock,math.punk,1296
loud rock,mathrock,1166
loud rock,math.rock,51
loud rock,megaman,1374
loud rock,melodic,476
loud rock,melodic.black.metal,728
loud rock,melodic.death.metal,149
loud rock,melodic.hardcore,434
loud rock,melodic.hard.rock,1389
loud rock,melodic.metal,280
loud rock,melodic.metalcore,930
loud rock,merseybeat,1131
loud rock,metal,70
loud rock,metalcore,144
loud rock,modern.metal,277
loud rock,modern.rock,895
loud rock,modern.worship,1083
loud rock,mood,382
loud rock,musical,754
loud rock,musicals,1205
loud rock,neoclassical.metal,649
loud rock,neocrust,1314
loud rock,nerd.rock,830
loud rock,new.prog,1114
loud rock,new.york.hardcore.punk,722
loud rock,numetal,1080
loud rock,nu.metal,319
loud rock,nu.thrash,1499
loud rock,nwobhm,365
loud rock,nyhc,1094
loud rock,occult,1101
loud rock,occult.rock,387
loud rock,official.bootleg,401
loud rock,orthodox.black.metal,620
loud rock,pagan.metal,448
loud rock,parody,730
loud rock,piano.rock,740
loud rock,pirate,1195
loud rock,pirate.metal,726
loud rock,pop.funk,286
loud rock,pop.metal,276
loud rock,pop.punk,164
loud rock,poprock,1148
loud rock,pop.rock,58
loud rock,post.black.metal,435
loud rock,post.grunge,509
loud rock,posthardcore,1208
loud rock,post.hardcore,158
loud rock,postmetal,1162
loud rock,post.metal,80
loud rock,power.metal,278
loud rock,powerviolence,646
loud rock,prog,954
loud rock,prog.folk,1386
loud rock,progg,1321
loud rock,progressive,56
loud rock,progressive.black.metal,621
loud rock,progressive.deathcore,1464
loud rock,progressive.death.metal,273
loud rock,progressive.metal,69
loud rock,progressive.metalcore,494
loud rock,progressive.pop,320
loud rock,progressive.rock,7
loud rock,progressive.thrash.metal,1446
loud rock,progrock,1124
loud rock,proto.metal,1398
loud rock,proto.punk,298
loud rock,psychedelic.black.metal,1366
loud rock,psychedelic.rock,6
loud rock,psychedelic.sludge,142
loud rock,quebec,638
loud rock,rac,1417
loud rock,rapcore,627
loud rock,rapmetal,1486
loud rock,rap.metal,893
loud rock,rcokabilly,1248
loud rock,rio,1024
loud rock,rock,3
loud rock,rock.1970s,1288
loud rock,rockabilly,454
loud rock,rockandroll,1008
loud rock,rock.androll,1251
loud rock,rock.and.roll,189
loud rock,rocknroll,1122
loud rock,rock.opera,860
loud rock,rock.progressivo.italiano,1553
loud rock,rod.stewart,1311
loud rock,roots.rock,641
loud rock,rpi,1554
loud rock,screamo,223
loud rock,shred,1483
loud rock,skramz,1012
loud rock,sludge,81
loud rock,sludge.metal,79
loud rock,soft.rock,178
loud rock,southafrica,1505
loud rock,southernmetal,1313
loud rock,southern.metal,463
loud rock,southern.rock,188
loud rock,space.metal,1359
loud rock,speed.metal,148
loud rock,starbucks.exclusive,1287
loud rock,stoner,76
loud rock,stoner.doom,489
loud rock,stoner.metal,77
loud rock,stonerrock,1143
loud rock,stoner.rock,73
loud rock,straight.edge,721
loud rock,surf,314
loud rock,swamp.rock,187
loud rock,symphonic,157
loud rock,symphonic.black.metal,631
loud rock,symphonic.metal,385
loud rock,symphonic.power.metal,418
loud rock,symphonic.rock,426
loud rock,technical.deathcore,1563
loud rock,technical.death.metal,272
loud rock,technical.metal,370
loud rock,thall,872
loud rock,thrash,920
loud rock,thrash.metal,75
loud rock,translation.loss.records,1362
loud rock,trip.rock,354
loud rock,turkish.rock,1383
loud rock,undead,1496
loud rock,usbm,1428
loud rock,viking.metal,428
loud rock,vladimir.cochet,1437
loud rock,wales,432
loud rock,war.metal,1586
loud rock,western.brit.pop,1301
loud rock,west.virginia,1442
loud rock,zeuhl,780
specialty,12th.century,1571
specialty,13th.century,1413
specialty,15th.century,1569
specialty,16th.century,1403
specialty,17th.century,1416
specialty,18th.century,1415
specialty,19th.century,338
specialty,20th.century.classical,349
specialty,21st.century,498
specialty,70ies,1246
specialty,acid.rock,236
specialty,acid.trip,1523
specialty,africa,782
specialty,african.folk,1448
specialty,african.mass,1457
specialty,afrobeat,804
specialty,afro.cuban,803
specialty,afrokraut,1470
specialty,afropop,1381
specialty,afro.pop,773
specialty,afro.rock,1583
specialty,aleatoric,1165
specialty,ambiance,871
specialty,ambient.rock,1441
specialty,analog.africa,1334
specialty,anime,248
specialty,apocalyptic.folk,608
specialty,arab,1177
specialty,arabic,814
specialty,aretha.franklin,1253
specialty,artrock,1087
specialty,art.rock,234
specialty,audiophile,848
specialty,avant,1022
specialty,avantgarde,906
specialty,avant.garde,131
specialty,avant.garde.jazz,760
specialty,avant.rock,953
specialty,balkan,414
specialty,balkan.brass,1461
specialty,ballade,342
specialty,ballads,656
specialty,barcarolle,341
specialty,baroque,127
specialty,bassoon,799
specialty,beatles,1356
specialty,bebop,120
specialty,belly.dance,1488
specialty,belushi,1346
specialty,big.band,117
specialty,binaural,997
specialty,blaxploitation,758
specialty,blues,1
specialty,bolero,1134
specialty,bollywood,409
specialty,boogie,441
specialty,bop,210
specialty,bossa.nova,582
specialty,box.set,132
specialty,brass,899
specialty,cabo.verde,1590
specialty,cajun,742
specialty,calypso,817
specialty,caribbean,517
specialty,carnatic.classical,1530
specialty,cast.recording,1206
specialty,cello,139
specialty,chamber,800
specialty,chamber.music,335
specialty,chicago.blues,251
specialty,chicha,1430
specialty,choir,578
specialty,choral,126
specialty,cinematic,89
specialty,clarinet,481
specialty,classic,114
specialty,classical,32
specialty,classical.crossover,635
specialty,classical.period,115
specialty,club.rock,1407
specialty,collaboration,1130
specialty,colombia,1570
specialty,commercials,1247
specialty,concertino,1414
specialty,concerto,344
specialty,contemporary,326
specialty,contemporary.classical,87
specialty,contemporary.jazz,437
specialty,contemporary.rb,1250
specialty,contempory,1257
specialty,cool.jazz,247
specialty,cosmic.disco,762
specialty,country,113
specialty,country.blue,1514
specialty,country.blues,852
specialty,country.funk,1115
specialty,cult,950
specialty,cumbia,822
specialty,dancedisco,741
specialty,dark.ambient,129
specialty,dark.cabaret,1103
specialty,dark.folk,424
specialty,dark.jazz,1445
specialty,darkpop,874
specialty,delicatessen,1280
specialty,delta.blues,250
specialty,disco,190
specialty,disney.channel,1222
specialty,dixieland,1051
specialty,doomgaze,226
specialty,doom.jazz,1421
specialty,doo.wop,459
specialty,drone,98
specialty,drone.doom,194
specialty,drone.metal,193
specialty,drone.pop,1304
specialty,drone.rock,360
specialty,drones,1181
specialty,duet,667
specialty,duets,1262
specialty,eai,915
specialty,early.music,453
specialty,early.romantic,123
specialty,easylistening,1367
specialty,easy.listening,34
specialty,eclectic,537
specialty,ecm,438
specialty,electric,1235
specialty,electric.blues,968
specialty,electroacoustic,768
specialty,electro.funk,738
specialty,electrojazz,1501
specialty,elvis.presley,1249
specialty,ethio.funk,1342
specialty,evidence,1219
specialty,exotic,1267
specialty,exotica,791
specialty,experemental,1156
specialty,experiemental,1192
specialty,experimental.big.band,835
specialty,experimental.rock,50
specialty,experimetal.rock,1269
specialty,fantasia,340
specialty,fantasy,918
specialty,field.recording,128
specialty,film,334
specialty,film.score,828
specialty,filtered,1215
specialty,firefly,1434
specialty,flamenco,824
specialty,flute,585
specialty,foundsound,1506
specialty,freakbeat,1443
specialty,free.folk,519
specialty,free.improvisation,109
specialty,free.jazz,243
specialty,funk,42
specialty,fusion,133
specialty,future.ambient,180
specialty,fuzz,486
specialty,gipsy,1100
specialty,girl.group,1179
specialty,gospel,431
specialty,groove,45
specialty,guitar.jazz,590
specialty,gypsy,411
specialty,hard.bop,119
specialty,harp,518
specialty,hawaiian,743
specialty,highlife,974
specialty,hindi,403
specialty,holidays,1203
specialty,honkytonk,1186
specialty,honky.tonk,597
specialty,improv,1023
specialty,improvisation,305
specialty,improvisational,1042
specialty,improvised,1093
specialty,indian.classical,1116
specialty,instrumental.rock,52
specialty,internet,1221
specialty,jazz,47
specialty,jazz.funk,594
specialty,jazz.fusion,233
specialty,jazz.guitar,592
specialty,jazzpiano,1049
specialty,jazz.piano,451
specialty,jazz.pop,512
specialty,jazz.punk,1524
specialty,jazzrock,1058
specialty,jazz.rock,59
specialty,jewish,812
specialty,juju,1332
specialty,jump.blues,191
specialty,klezmer,410
specialty,kosmische,943
specialty,kraut,955
specialty,krautrock,107
specialty,late.romantic,346
specialty,latin,413
specialty,latinjazz,1168
specialty,latin.jazz,587
specialty,latino,1210
specialty,latin.pop,888
specialty,lax,1228
specialty,liane.goodrich.clarebug.gotohell.fatpig,1047
specialty,library,1170
specialty,little.richard,1256
specialty,lowercase,1025
specialty,luakabop,1525
specialty,lute,1399
specialty,mambo,825
specialty,mangue.beat,1118
specialty,martial.industrial,1348
specialty,mbira,1373
specialty,mbube,1447
specialty,medieval,798
specialty,microtonal,1035
specialty,middle.east,1390
specialty,middle.eastern,869
specialty,minimal,108
specialty,minimalism,90
specialty,minimalist,626
specialty,minmalist,1480
specialty,mississippi,1310
specialty,modal,591
specialty,modal.jazz,593
specialty,modal.music,589
specialty,modern.composition,877
specialty,modern.creative,864
specialty,modern.jazz,118
specialty,monodrama,1468
specialty,morna,1591
specialty,motown,213
specialty,mowtown,1261
specialty,mpb,793
specialty,musique.concrete,407
specialty,mutant.jazz,1532
specialty,neoclassic,1540
specialty,neoclassical,92
specialty,neofolk,496
specialty,neosoul,1074
specialty,neo.soul,292
specialty,neotraditional,1319
specialty,neu.rnb,1504
specialty,new.york.school,1066
specialty,nimbus,507
specialty,noise,55
specialty,nouba,1578
specialty,no.wave,140
specialty,nu.disco.house,1212
specialty,numero.group,1075
specialty,nww.list,1580
specialty,obeah,515
specialty,oldies,122
specialty,opera,204
specialty,oratorio,995
specialty,orchestra,981
specialty,orchestral,35
specialty,orchestral.suite,862
specialty,orchestral.works,337
specialty,organ,333
specialty,orhodox.black.metal,1587
specialty,ost,249
specialty,otis.span,1252
specialty,outlawcountry,1255
specialty,outlaw.country,832
specialty,palilalia,1573
specialty,paradise.garage,1484
specialty,partch.instruments,1534
specialty,patterns,1209
specialty,pedals,1295
specialty,percussion,996
specialty,p.funk,855
specialty,philly.soul,1138
specialty,phonography,1371
specialty,pianist,946
specialty,piano,88
specialty,piano.concerto,336
specialty,piano.solo,125
specialty,pixar,1338
specialty,poetry,844
specialty,politics,1513
specialty,polka,460
specialty,polyphony,1402
specialty,pop.2010s,1565
specialty,post.bebop,1337
specialty,post.bop,244
specialty,post.jazz,881
specialty,postrock,908
specialty,post.rock,53
specialty,power.electronics,301
specialty,prepared.piano,1196
specialty,private.press,502
specialty,production.music,1458
specialty,psych,1014
specialty,psychadelic,1140
specialty,psychedelic,2
specialty,psychedelic.soul,856
specialty,psychodelic,1110
specialty,psyclarinet,1572
specialty,punjabi,1566
specialty,pythagorean,1531
specialty,quadraphonic,239
specialty,quartet,510
specialty,quiet.storm,757
specialty,quite.storm,1263
specialty,radar.records,1331
specialty,raga,1015
specialty,ranchera,1396
specialty,rare.groove,834
specialty,red.dirt,1146
specialty,reggae.hiphop,1232
specialty,religion,1380
specialty,religious,482
specialty,renaissance,452
specialty,revival,1361
specialty,rhythmic.soul,212
specialty,rhythym.and.blues,1410
specialty,richard.skelton,1490
specialty,ritual,1065
specialty,romantic,124
specialty,sacred,455
specialty,salsa,765
specialty,samba,796
specialty,samba.rock,833
specialty,sax,994
specialty,saxophone,211
specialty,scandinavian,775
specialty,science.fiction,82
specialty,scifi,1159
specialty,score,31
specialty,serenity,1435
specialty,showtune,1555
specialty,showtunes,896
specialty,sitar,1117
specialty,slide.guitar,399
specialty,smooth.jazz,586
specialty,smooth.soul,513
specialty,soloist,788
specialty,soloist.conductor,1046
specialty,solopiano,1440
specialty,solo.piano,898
specialty,son.cubano,1395
specialty,song.cycle,1031
specialty,soukous,1329
specialty,soul,46
specialty,souljazz,1050
specialty,soul.jazz,588
specialty,soundart,1584
specialty,sound.collage,291
specialty,soundway.records,1582
specialty,space.age,901
specialty,spacerock,1005
specialty,space.rock,161
specialty,spacey,1315
specialty,spaghetti.western,1085
specialty,spectralism,1481
specialty,spiritual,900
specialty,spirituals,1305
specialty,spoken,1174
specialty,spoken.word,130
specialty,standards,859
specialty,star.trek,1385
specialty,steel.string,1190
specialty,stereogum.premiere,1226
specialty,string.quartet,577
specialty,sublime.frequencies,1191
specialty,suite,818
specialty,sunshine.pop,1072
specialty,suomisaundi,1351
specialty,swamp.voodoo,1343
specialty,swing,116
specialty,symphony,156
specialty,tango,861
specialty,tape.loops,1487
specialty,tax,1229
specialty,teenage.dj,1244
specialty,teens,1223
specialty,television,1129
specialty,tenacious.d,1509
specialty,texas.blues,1405
specialty,texas.country,617
specialty,texmex,1167
specialty,tex.mex,821
specialty,theatre,231
specialty,third.stream,1197
specialty,toccata,1048
specialty,touareg,797
specialty,trad,970
specialty,traditional,579
specialty,traditionalcountry,1254
specialty,traditional.country,890
specialty,traditional.pop,894
specialty,trailer,1030
specialty,trailer.music,1200
specialty,tropicalia,795
specialty,tropicult,1577
specialty,trumpet,121
specialty,tuareg,1542
specialty,turkish.pop,1485
specialty,tuva,1363
specialty,tv,1105
specialty,tzadik,790
specialty,vampisoul,1527
specialty,veena,1529
specialty,violin,350
specialty,vocal,393
specialty,vocal.jazz,469
specialty,vocals,810
specialty,voodoo,516
specialty,western,644
specialty,wisconsin,983
specialty,wolof,1372
specialty,world,928
specialty,world.fusion,870
specialty,worldmusic,1043
specialty,world.music,238
specialty,xmas,1045
specialty,yoannlemoine,1300
specialty,yoruba,1517
specialty,zydeco,1341
